Filename,TrackNum,FileType,StartTimeMS,StopTimeMS,BookmarkMS,NumSamples,DiscNum,AlbumID,ArtistID,VolumeGain,DatabaseID
/iPod_Control/Music/F02/JHVL.m4a,65537,AAC,0,231080,0,10190652,0,12513,0,0,f537ed90ce000000
/iPod_Control/Music/F02/GUBS.m4a,65539,AAC,0,246774,0,10882776,0,12513,0,0,ecb31f6fce000000
/iPod_Control/Music/F01/SEUI.m4a,65543,AAC,0,283560,0,12505020,0,12513,0,0,a09da971ce000000
/iPod_Control/Music/F02/VZNJ.m4a,65544,AAC,0,295280,0,13021872,0,12513,0,0,7c145dc4ce000000
/iPod_Control/Music/F02/PYAM.m4a,65546,AAC,0,201347,0,8879436,0,12513,0,0,e4b6cab6ce000000
/iPod_Control/Music/F01/LAGI.m4a,65550,AAC,0,289173,0,12752568,0,12513,0,0,08641b10ce000000
/iPod_Control/Music/F00/BJSN.m4a,65554,AAC,0,228613,0,10081872,0,12513,0,0,66745c51ce000000
/iPod_Control/Music/F02/PVCG.m4a,131080,AAC,0,252080,0,11116752,0,12542,0,0,4c2c5efdce000000
/iPod_Control/Music/F00/HTIL.m4a,65539,AAC,0,207919,0,9980138,0,12547,0,0,b225deaece000000
/iPod_Control/Music/F01/ASYU.m4a,65545,AAC,0,242973,0,11662727,0,12547,0,0,10593fc8ce000000
/iPod_Control/Music/F02/QPHC.m4a,65547,AAC,0,66540,0,3193952,0,12547,0,0,c7215d0ece000000
/iPod_Control/Music/F02/CGFH.m4a,65548,AAC,0,72645,0,3486986,0,12547,0,0,9fe5c24fce000000
/iPod_Control/Music/F01/IIHL.m4a,1,AAC,0,163454,0,7845832,0,12564,0,0,88b31942ce000000
/iPod_Control/Music/F02/WOJQ.m4a,4,AAC,0,188959,0,9070073,0,12564,0,0,442f5e70ce000000
/iPod_Control/Music/F00/KSAI.m4a,6,AAC,0,194160,0,9319682,0,12564,0,0,a9288fa9ce000000
/iPod_Control/Music/F00/BLFR.m4a,7,AAC,0,284999,0,13679959,0,12564,0,0,5c88b994ce000000
/iPod_Control/Music/F01/BGEK.m4a,8,AAC,0,164546,0,7898227,0,12564,0,0,2b4d67a0ce000000
/iPod_Control/Music/F00/HBWT.m4a,10,AAC,0,123493,0,5927670,0,12564,0,0,2cca80c4ce000000
/iPod_Control/Music/F00/UTJH.m4a,2,AAC,0,240452,0,11541743,0,12589,0,0,83edef62ce000000
/iPod_Control/Music/F00/RYMH.m4a,4,AAC,0,144773,0,6949117,0,12589,0,0,a7ae3e7dce000000
/iPod_Control/Music/F01/NTEW.m4a,5,AAC,0,195263,0,9372630,0,12589,0,0,f584816cce000000
/iPod_Control/Music/F00/PZIW.m4a,6,AAC,0,269786,0,12949755,0,12589,0,0,de7b978ace000000
/iPod_Control/Music/F01/BREM.m4a,10,AAC,0,174463,0,8374249,0,12589,0,0,7740ad42ce000000
/iPod_Control/Music/F00/ERRH.mp3,8,MP3,0,162089,0,7146552,0,170,0,0,d46b514fce000000
/iPod_Control/Music/F01/BLXT.mp3,10,MP3,0,136097,0,5998188,0,170,0,0,6fbf8450ce000000
/iPod_Control/Music/F02/RUTB.m4a,65537,AAC,0,136066,0,6531189,0,171,0,0,8213eac0ce000000
/iPod_Control/Music/F01/FROF.m4a,65538,AAC,0,150024,0,7201163,0,171,0,0,ad51789fce000000
/iPod_Control/Music/F02/MCML.m4a,65542,AAC,0,158621,0,7613854,0,171,0,0,c1a62a5ace000000
/iPod_Control/Music/F02/IYEL.m4a,65544,AAC,0,165440,0,7295904,0,171,0,0,f68f3f9ace000000
/iPod_Control/Music/F02/FMDN.m4a,65537,AAC,0,154199,0,7401589,0,12625,0,0,1fd2a03ace000000
/iPod_Control/Music/F00/HPSR.m4a,65538,AAC,0,163077,0,7827726,0,12625,0,0,cfe4d5efce000000
/iPod_Control/Music/F01/VQFK.m4a,65539,AAC,0,139466,0,6694399,0,12625,0,0,ff99ce17ce000000
/iPod_Control/Music/F02/EVUL.m4a,65540,AAC,0,116373,0,5585914,0,12625,0,0,46a9b26ece000000
/iPod_Control/Music/F02/PUNO.m4a,65541,AAC,0,149691,0,7185193,0,12625,0,0,172c6a1fce000000
/iPod_Control/Music/F00/DXOA.m4a,65543,AAC,0,131866,0,6329576,0,12625,0,0,44862c62ce000000
/iPod_Control/Music/F02/DNMU.m4a,65545,AAC,0,105986,0,5087335,0,12625,0,0,6fa31fa7ce000000
/iPod_Control/Music/F00/PYEV.m4a,65546,AAC,0,155333,0,7455997,0,12625,0,0,e50cf52cce000000
/iPod_Control/Music/F00/XEQX.m4a,65547,AAC,0,136638,0,6558635,0,12625,0,0,fe84dedcce000000
/iPod_Control/Music/F00/YRSO.m4a,65548,AAC,0,154892,0,7434862,0,12625,0,0,8b6fd821ce000000
/iPod_Control/Music/F00/MUOY.m4a,65549,AAC,0,144216,0,6922414,0,12625,0,0,3d1349face000000
/iPod_Control/Music/F01/ADHW.m4a,65538,AAC,0,154929,0,7436593,0,173,0,0,c0c9f896ce000000
/iPod_Control/Music/F00/SASN.m4a,65539,AAC,0,131446,0,5796504,0,173,0,0,72c9782ece000000
/iPod_Control/Music/F02/RKPS.m4a,65541,AAC,0,125358,0,6017211,0,173,0,0,1e45bc4dce000000
/iPod_Control/Music/F01/DKXN.m4a,65542,AAC,0,138664,0,6655895,0,173,0,0,6dc73e4cce000000
/iPod_Control/Music/F02/UBQA.m4a,65543,AAC,0,189678,0,9104590,0,173,0,0,dbe8c64dce000000
/iPod_Control/Music/F02/FDTQ.m4a,65544,AAC,0,150365,0,7217541,0,173,0,0,f64916a3ce000000
/iPod_Control/Music/F02/UEYA.m4a,65545,AAC,0,116479,0,5590995,0,173,0,0,1b1be23ece000000
/iPod_Control/Music/F00/UKHG.m4a,65548,AAC,0,125032,0,6001575,0,173,0,0,6bf657d7ce000000
/iPod_Control/Music/F02/TITD.m4a,65538,AAC,0,234997,0,11279867,0,12699,0,0,53fa2563ce000000
/iPod_Control/Music/F00/HTXG.m4a,65544,AAC,0,217553,0,10442578,0,12699,0,0,f85c9a5fce000000
/iPod_Control/Music/F00/FSTP.m4a,65547,AAC,0,152207,0,7305940,0,12699,0,0,900fe30dce000000
/iPod_Control/Music/F02/NJXA.m4a,65541,AAC,0,268281,0,11830560,0,176,0,0,e1c7a21cce000000
/iPod_Control/Music/F00/CCIT.m4a,65542,AAC,0,82406,0,3633840,0,176,0,0,a7aeab77ce000000
/iPod_Control/Music/F01/HDJU.m4a,65549,AAC,0,271602,0,11977560,0,176,0,0,267eea94ce000000
/iPod_Control/Music/F00/JWJJ.m4a,65550,AAC,0,187685,0,8276688,0,176,0,0,c0e4cea0ce000000
/iPod_Control/Music/F00/SZXQ.m4a,65551,AAC,0,250495,0,11046168,0,176,0,0,168193d4ce000000
/iPod_Control/Music/F00/HNSJ.m4a,65557,AAC,0,113822,0,5019168,0,176,0,0,f75d1a88ce000000
/iPod_Control/Music/F01/PZMF.m4a,65559,AAC,0,308220,0,13592208,0,176,0,0,7063de70ce000000
/iPod_Control/Music/F02/NPGA.m4a,65561,AAC,0,82382,0,3632076,0,176,0,0,42aa0022ce000000
/iPod_Control/Music/F01/JSRE.m4a,65537,AAC,0,170102,0,8164911,0,12720,0,0,d8748fb1ce000000
/iPod_Control/Music/F00/DKWU.m4a,65537,AAC,0,169573,0,7478184,0,179,0,0,679a9764ce000000
/iPod_Control/Music/F00/SCJP.m4a,65538,AAC,0,135649,0,5981724,0,179,0,0,9fe27fb0ce000000
/iPod_Control/Music/F02/AZSJ.m4a,65539,AAC,0,138900,0,6125196,0,179,0,0,fe459351ce000000
/iPod_Control/Music/F02/LNBW.m4a,65548,AAC,0,198482,0,8752968,0,179,0,0,7fa61b35ce000000
/iPod_Control/Music/F01/USSY.m4a,65537,AAC,0,143915,0,6346284,0,180,0,0,6c5d32bece000000
/iPod_Control/Music/F02/EHLZ.m4a,65538,AAC,0,117607,0,5186160,0,180,0,0,6239b7c3ce000000
/iPod_Control/Music/F02/JKSZ.m4a,65539,AAC,0,124411,0,5486040,0,180,0,0,b294c023ce000000
/iPod_Control/Music/F01/SEEH.m4a,65540,AAC,0,141222,0,6227508,0,180,0,0,234e18aece000000
/iPod_Control/Music/F01/QDXJ.m4a,65541,AAC,0,125897,0,5551896,0,180,0,0,92abb251ce000000
/iPod_Control/Music/F02/TTVL.m4a,65543,AAC,0,136415,0,6015828,0,180,0,0,5313501bce000000
/iPod_Control/Music/F00/CVQU.m4a,65549,AAC,0,118977,0,5246724,0,180,0,0,2023eaf2ce000000
/iPod_Control/Music/F02/DVES.m4a,65550,AAC,0,139852,0,6166944,0,180,0,0,1ece639bce000000
/iPod_Control/Music/F01/WQNS.m4a,65551,AAC,0,183436,0,8089116,0,180,0,0,2f0cbdadce000000
/iPod_Control/Music/F02/FKSJ.m4a,65552,AAC,0,140525,0,6196932,0,180,0,0,59fee9acce000000
/iPod_Control/Music/F00/HQIK.m4a,65554,AAC,0,151926,0,6699672,0,180,0,0,e3bbe70ece000000
/iPod_Control/Music/F01/FHJM.m4a,65537,AAC,0,173944,0,8349323,0,181,0,0,2323c9f6ce000000
/iPod_Control/Music/F00/ILWB.m4a,65541,AAC,0,146438,0,7029041,0,181,0,0,b8578d20ce000000
/iPod_Control/Music/F00/WRLA.m4a,65543,AAC,0,123389,0,5441352,0,181,0,0,c289d9f5ce000000
/iPod_Control/Music/F01/PINI.m4a,65545,AAC,0,124355,0,5969081,0,181,0,0,79256ee7ce000000
/iPod_Control/Music/F01/IBQV.m4a,65548,AAC,0,123478,0,5926989,0,181,0,0,23eb1cfdce000000
/iPod_Control/Music/F02/TYVN.m4a,65549,AAC,0,110487,0,5303376,0,181,0,0,fca3ee0cce000000
/iPod_Control/Music/F02/OADW.m4a,65550,AAC,0,9007,0,396900,0,181,0,0,ed978857ce000000
/iPod_Control/Music/F02/JZSR.m4a,65537,AAC,0,158851,0,7624884,0,12762,0,0,14edbeb1ce000000
/iPod_Control/Music/F02/ADLG.m4a,65543,AAC,0,156038,0,7489840,0,12762,0,0,d6e49271ce000000
/iPod_Control/Music/F01/UJZP.m4a,65544,AAC,0,129282,0,6205548,0,12762,0,0,93f42508ce000000
/iPod_Control/Music/F00/GFAD.m4a,65547,AAC,0,134266,0,6444780,0,12762,0,0,c41716a2ce000000
/iPod_Control/Music/F00/HYFD.m4a,65548,AAC,0,147972,0,7102660,0,12762,0,0,dde416d1ce000000
/iPod_Control/Music/F01/VQSU.m4a,65549,AAC,0,149238,0,7163469,0,12762,0,0,338053e8ce000000
/iPod_Control/Music/F01/LPTE.m4a,65538,AAC,0,124691,0,5985198,0,12787,0,0,e145d84ece000000
/iPod_Control/Music/F02/UZPB.m4a,65539,AAC,0,199958,0,9598019,0,12787,0,0,48ad4ba8ce000000
/iPod_Control/Music/F01/EGKH.m4a,65540,AAC,0,163687,0,7856984,0,12787,0,0,241b05d1ce000000
/iPod_Control/Music/F00/EBWE.m4a,65541,AAC,0,138514,0,6648698,0,12787,0,0,2718fafbce000000
/iPod_Control/Music/F02/BDXA.m4a,65542,AAC,0,163106,0,7829091,0,12787,0,0,d3907869ce000000
/iPod_Control/Music/F02/QTFK.m4a,65543,AAC,0,162369,0,7793725,0,12787,0,0,f7184af2ce000000
/iPod_Control/Music/F02/KGRR.m4a,65545,AAC,0,151719,0,7282527,0,12787,0,0,2be37c33ce000000
/iPod_Control/Music/F02/FBJG.m4a,65546,AAC,0,146381,0,7026312,0,12787,0,0,01cce3b4ce000000
/iPod_Control/Music/F00/IOHK.m4a,65547,AAC,0,146332,0,7023947,0,12787,0,0,52591ab9ce000000
/iPod_Control/Music/F02/RQUS.m4a,65548,AAC,0,134717,0,6466431,0,12787,0,0,d5a024d3ce000000
/iPod_Control/Music/F00/PFMI.m4a,65549,AAC,0,142265,0,6828733,0,12787,0,0,97181731ce000000
/iPod_Control/Music/F00/HNUL.m4a,65550,AAC,0,141120,0,6773806,0,12787,0,0,4382c4bcce000000
/iPod_Control/Music/F00/WRSO.m4a,65538,AAC,0,164106,0,7877118,0,12836,0,0,d32f8217ce000000
/iPod_Control/Music/F01/UKXH.m4a,65540,AAC,0,168119,0,8069759,0,12836,0,0,3c41f408ce000000
/iPod_Control/Music/F00/WIAO.m4a,65541,AAC,0,156826,0,7527676,0,12836,0,0,5df82125ce000000
/iPod_Control/Music/F02/WGYB.m4a,65543,AAC,0,157533,0,7561590,0,12836,0,0,f03ce563ce000000
/iPod_Control/Music/F02/YICQ.m4a,65544,AAC,0,304666,0,14623996,0,12836,0,0,c8d0033ace000000
/iPod_Control/Music/F02/EEUC.m4a,65545,AAC,0,157666,0,7567994,0,12836,0,0,97031a05ce000000
/iPod_Control/Music/F00/UIYW.m4a,65546,AAC,0,162093,0,7780479,0,12836,0,0,3b76cb91ce000000
/iPod_Control/Music/F01/XHPK.m4a,65547,AAC,0,161226,0,7738882,0,12836,0,0,27a46410ce000000
/iPod_Control/Music/F00/HPGH.m4a,65548,AAC,0,79069,0,3795351,0,12836,0,0,4e766b86ce000000
/iPod_Control/Music/F01/DTCS.m4a,65549,AAC,0,337440,0,16197166,0,12836,0,0,a475e674ce000000
/iPod_Control/Music/F02/VBPH.m4a,65537,AAC,0,133383,0,6402404,0,12877,0,0,6bd5b7cdce000000
/iPod_Control/Music/F02/QPCO.m4a,65539,AAC,0,127849,0,6136777,0,12877,0,0,051c07acce000000
/iPod_Control/Music/F00/WTNX.m4a,65540,AAC,0,148251,0,7116061,0,12877,0,0,9a3e92d0ce000000
/iPod_Control/Music/F01/GNDY.m4a,65549,AAC,0,126825,0,6087611,0,12877,0,0,c2348cbbce000000
/iPod_Control/Music/F00/AUMR.m4a,65538,AAC,0,191841,0,8460144,0,188,0,0,dfc4898fce000000
/iPod_Control/Music/F02/USTI.m4a,65538,AAC,0,204492,0,9815638,0,188,0,0,100f8e72ce000000
/iPod_Control/Music/F01/UNZR.mp3,0,MP3,0,126981,0,5598348,0,192,0,0,31322f18ce000000
/iPod_Control/Music/F00/BDSG.mp3,1,MP3,0,276610,0,12196884,0,195,0,0,d9d581f6ce000000
/iPod_Control/Music/F02/OACN.mp3,2,MP3,0,188186,0,8297856,0,195,0,0,37d0527cce000000
/iPod_Control/Music/F00/GCRV.mp3,3,MP3,0,281808,0,12425028,0,195,0,0,17af907fce000000
/iPod_Control/Music/F02/YUUQ.mp3,4,MP3,0,152528,0,6723192,0,195,0,0,53811045ce000000
/iPod_Control/Music/F01/AGVE.mp3,5,MP3,0,185208,0,8165556,0,195,0,0,89c6e9f9ce000000
/iPod_Control/Music/F02/VMJO.mp3,6,MP3,0,153260,0,6756120,0,195,0,0,b2db148dce000000
/iPod_Control/Music/F02/EIPE.mp3,7,MP3,0,336979,0,14858760,0,195,0,0,ea193683ce000000
/iPod_Control/Music/F01/RMWU.mp3,8,MP3,0,216607,0,9549120,0,195,0,0,af270961ce000000
/iPod_Control/Music/F02/OVBL.mp3,9,MP3,0,162925,0,7181832,0,195,0,0,7292af57ce000000
/iPod_Control/Music/F02/SVSE.mp3,10,MP3,0,212897,0,9385068,0,195,0,0,0ef50decce000000
/iPod_Control/Music/F00/CNLG.mp3,11,MP3,0,282174,0,12440316,0,195,0,0,68534af2ce000000
/iPod_Control/Music/F02/PBNG.mp3,12,MP3,0,203990,0,8994636,0,195,0,0,47afc359ce000000
/iPod_Control/Music/F00/STBS.mp3,3,MP3,0,176666,0,7789824,0,196,0,0,31d887e0ce000000
/iPod_Control/Music/F02/NATV.mp3,4,MP3,0,242625,0,10698660,0,196,0,0,c260b5c0ce000000
/iPod_Control/Music/F02/TXEQ.mp3,5,MP3,0,198974,0,8773548,0,196,0,0,0afbb105ce000000
/iPod_Control/Music/F02/HGOL.mp3,6,MP3,0,237035,0,10451700,0,196,0,0,da859fbace000000
/iPod_Control/Music/F00/KWWJ.mp3,7,MP3,0,200829,0,8855280,0,196,0,0,b81be1a7ce000000
/iPod_Control/Music/F01/IDNF.mp3,8,MP3,0,180375,0,7953288,0,196,0,0,2f49092dce000000
/iPod_Control/Music/F01/MTTR.mp3,11,MP3,0,126876,0,5593644,0,196,0,0,55876966ce000000
/iPod_Control/Music/F00/SDSF.mp3,12,MP3,0,213812,0,9427992,0,196,0,0,ad29e5ddce000000
/iPod_Control/Music/F00/OMWU.mp3,13,MP3,0,198034,0,8731800,0,196,0,0,48aa35fbce000000
/iPod_Control/Music/F00/TTVX.mp3,14,MP3,0,330475,0,14572404,0,196,0,0,d8d3b527ce000000
/iPod_Control/Music/F00/NKQH.mp3,15,MP3,0,275487,0,12147492,0,196,0,0,3b95b570ce000000
/iPod_Control/Music/F01/VCVO.mp3,16,MP3,0,142132,0,6266904,0,196,0,0,c5a6a0a0ce000000
/iPod_Control/Music/F00/DKGX.m4a,1,AAC,0,271720,0,11982852,0,12924,0,0,9b8446d5ce000000
/iPod_Control/Music/F02/HLGU.m4a,2,AAC,0,212453,0,9369192,0,12924,0,0,5483d578ce000000
/iPod_Control/Music/F01/EEFN.m4a,3,AAC,0,351813,0,15514968,0,12924,0,0,93aa1705ce000000
/iPod_Control/Music/F01/MVYN.m4a,4,AAC,0,235613,0,10390548,0,12924,0,0,db3e0568ce000000
/iPod_Control/Music/F00/UJWD.m4a,5,AAC,0,404213,0,17825808,0,12924,0,0,76538698ce000000
/iPod_Control/Music/F00/RAYK.m4a,6,AAC,0,242253,0,10683372,0,12924,0,0,1e6dba5ace000000
/iPod_Control/Music/F00/LFIZ.m4a,7,AAC,0,249693,0,11011476,0,12924,0,0,bf761093ce000000
/iPod_Control/Music/F02/FAWT.m4a,8,AAC,0,255213,0,11254908,0,12924,0,0,3659d125ce000000
/iPod_Control/Music/F01/RGPG.m4a,9,AAC,0,179373,0,7910364,0,12924,0,0,7df18bb8ce000000
/iPod_Control/Music/F02/EQDE.m4a,10,AAC,0,192226,0,8477196,0,12924,0,0,8c14cfa6ce000000
/iPod_Control/Music/F00/QHPT.m4a,11,AAC,0,469933,0,20724060,0,12924,0,0,f0b59b63ce000000
/iPod_Control/Music/F01/XWPA.m4a,12,AAC,0,221200,0,9754920,0,12924,0,0,366ee0f9ce000000
/iPod_Control/Music/F01/MGGE.m4a,13,AAC,0,231000,0,10187100,0,12924,0,0,77428f8cce000000
/iPod_Control/Music/F01/VAEN.m4a,14,AAC,0,230133,0,10148880,0,12924,0,0,f0dd3b4ace000000
/iPod_Control/Music/F02/ACZC.m4a,15,AAC,0,472000,0,20815200,0,12924,0,0,ea6d3d2bce000000
/iPod_Control/Music/F01/QDUB.m4a,16,AAC,0,181933,0,8023260,0,12924,0,0,4eb63321ce000000
/iPod_Control/Music/F00/JUEO.m4a,17,AAC,0,320573,0,14137284,0,12924,0,0,f7eb0b00ce000000
/iPod_Control/Music/F02/TQAR.m4a,65537,AAC,0,260947,0,11507796,0,12993,0,0,30ca7c11ce000000
/iPod_Control/Music/F01/WXHZ.m4a,65538,AAC,0,974907,0,42993432,0,12993,0,0,975f678ece000000
/iPod_Control/Music/F00/SEOP.m4a,65539,AAC,0,272307,0,12008772,0,12993,0,0,41ea21bdce000000
/iPod_Control/Music/F02/QIYM.m4a,65540,AAC,0,851041,0,37530912,0,12993,0,0,2657abb1ce000000
/iPod_Control/Music/F00/NWSC.m4a,65541,AAC,0,461107,0,20334852,0,12993,0,0,d7edfb0bce000000
/iPod_Control/Music/F00/RIGY.m4a,65542,AAC,0,1266281,0,55842996,0,12993,0,0,f0552a1ece000000
/iPod_Control/Music/F02/WDSG.m4a,131073,AAC,0,683841,0,30157392,0,12993,0,0,39328626ce000000
/iPod_Control/Music/F02/JTRX.m4a,131074,AAC,0,451601,0,19915608,0,12993,0,0,6f53b769ce000000
/iPod_Control/Music/F02/RELP.m4a,131075,AAC,0,1042041,0,45954012,0,12993,0,0,2aeaf023ce000000
/iPod_Control/Music/F00/NGHN.m4a,131076,AAC,0,638187,0,28144080,0,12993,0,0,eff36e39ce000000
/iPod_Control/Music/F02/ULUU.m4a,1,AAC,0,1032533,0,45534720,0,13034,0,0,7000a1fece000000
/iPod_Control/Music/F02/VCID.m4a,2,AAC,0,1051973,0,46392024,0,13034,0,0,6473e779ce000000
/iPod_Control/Music/F01/WGRK.m4a,3,AAC,0,527693,0,23271276,0,13034,0,0,71a7abd9ce000000
/iPod_Control/Music/F00/OJAS.m4a,1,AAC,0,413173,0,18220944,0,13047,0,0,82331bafce000000
/iPod_Control/Music/F00/IIFD.m4a,2,AAC,0,998293,0,44024736,0,13047,0,0,e4d95731ce000000
/iPod_Control/Music/F02/JDRP.m4a,3,AAC,0,391986,0,17286612,0,13047,0,0,8790c0c2ce000000
/iPod_Control/Music/F01/RWKJ.m4a,4,AAC,0,410146,0,18087468,0,13047,0,0,7f019d89ce000000
/iPod_Control/Music/F01/JFEA.m4a,5,AAC,0,875400,0,38605140,0,13047,0,0,0f07d680ce000000
/iPod_Control/Music/F00/RHFN.m4a,6,AAC,0,361493,0,15941856,0,13047,0,0,c9c693fcce000000
/iPod_Control/Music/F00/WQWH.m4a,7,AAC,0,696733,0,30725940,0,13047,0,0,7ff638a8ce000000
/iPod_Control/Music/F00/BKCX.m4a,1,AAC,0,982666,0,43335600,0,13076,0,0,9f6c9e53ce000000
/iPod_Control/Music/F00/RUQF.m4a,2,AAC,0,617973,0,27252624,0,13076,0,0,f78a34ecce000000
/iPod_Control/Music/F01/OEIS.m4a,3,AAC,0,343320,0,15140412,0,13076,0,0,fef87dc9ce000000
/iPod_Control/Music/F01/AYLJ.m4a,4,AAC,0,685760,0,30242016,0,13076,0,0,6da2c45bce000000
/iPod_Control/Music/F02/IQBF.m4a,5,AAC,0,57653,0,2542512,0,13076,0,0,01081d21ce000000
/iPod_Control/Music/F00/HSIP.m4a,6,AAC,0,468266,0,20650560,0,13076,0,0,f6899d4ace000000
/iPod_Control/Music/F02/ITFX.m4a,7,AAC,0,418013,0,18434388,0,13076,0,0,6386eb33ce000000
/iPod_Control/Music/F00/IPAC.m4a,8,AAC,0,410280,0,18093348,0,13076,0,0,9f69e332ce000000
/iPod_Control/Music/F00/BKMY.m4a,9,AAC,0,441253,0,19459272,0,13076,0,0,fc1cb88ece000000
/iPod_Control/Music/F00/HFFU.m4a,1,AAC,0,265560,0,11711196,0,13113,0,0,324b029ace000000
/iPod_Control/Music/F01/SEDS.m4a,2,AAC,0,616546,0,27189708,0,13113,0,0,aeab1493ce000000
/iPod_Control/Music/F00/IITQ.m4a,3,AAC,0,526800,0,23231880,0,13113,0,0,4f57c794ce000000
/iPod_Control/Music/F00/BHZD.m4a,4,AAC,0,351893,0,15518496,0,13113,0,0,be437c88ce000000
/iPod_Control/Music/F02/RIZW.m4a,5,AAC,0,732373,0,32297664,0,13113,0,0,edd664bbce000000
/iPod_Control/Music/F01/QGRH.m4a,6,AAC,0,453306,0,19990824,0,13113,0,0,30ca6890ce000000
/iPod_Control/Music/F01/XQQG.m4a,7,AAC,0,952160,0,41990256,0,13113,0,0,f0876bfbce000000
/iPod_Control/Music/F01/RUCJ.m4a,1,AAC,0,174546,0,7697508,0,13142,0,0,ee8d4391ce000000
/iPod_Control/Music/F00/GSAU.m4a,2,AAC,0,163960,0,7230636,0,13142,0,0,c91c27b0ce000000
/iPod_Control/Music/F00/VFWH.m4a,3,AAC,0,261213,0,11519508,0,13142,0,0,847e73fdce000000
/iPod_Control/Music/F02/XKES.m4a,4,AAC,0,120026,0,5293176,0,13142,0,0,b9127be9ce000000
/iPod_Control/Music/F01/NWFB.m4a,5,AAC,0,198626,0,8759436,0,13142,0,0,ffa1387dce000000
/iPod_Control/Music/F00/QDRV.m4a,6,AAC,0,186666,0,8232000,0,13142,0,0,77ddf2d0ce000000
/iPod_Control/Music/F01/THIR.m4a,7,AAC,0,127680,0,5630688,0,13142,0,0,b0b7b7b5ce000000
/iPod_Control/Music/F00/BATT.m4a,8,AAC,0,282613,0,12463248,0,13142,0,0,2956621ece000000
/iPod_Control/Music/F02/OBHE.m4a,9,AAC,0,240506,0,10606344,0,13142,0,0,aa795eddce000000
/iPod_Control/Music/F01/JEKB.m4a,10,AAC,0,310613,0,13698048,0,13142,0,0,d6eb60d2ce000000
/iPod_Control/Music/F02/TVEF.m4a,11,AAC,0,391053,0,17245452,0,13142,0,0,8c3a8d0dce000000
/iPod_Control/Music/F01/KGWY.m4a,12,AAC,0,143013,0,6306888,0,13142,0,0,2386fa3bce000000
/iPod_Control/Music/F01/UIWF.m4a,13,AAC,0,165560,0,7301196,0,13142,0,0,7a3bc410ce000000
/iPod_Control/Music/F01/ABXD.m4a,1,AAC,0,550853,0,24292632,0,13195,0,0,e5e4da93ce000000
/iPod_Control/Music/F02/DOQK.m4a,2,AAC,0,378013,0,16670388,0,13195,0,0,c94450d0ce000000
/iPod_Control/Music/F01/DZVD.m4a,3,AAC,0,301973,0,13317024,0,13195,0,0,9cf4fea7ce000000
/iPod_Control/Music/F01/QDKQ.m4a,4,AAC,0,170213,0,7506408,0,13195,0,0,565cc49ece000000
/iPod_Control/Music/F00/DAVU.m4a,5,AAC,0,197893,0,8727096,0,13195,0,0,5e28f213ce000000
/iPod_Control/Music/F00/CRSF.m4a,6,AAC,0,240066,0,10586940,0,13195,0,0,6623ad2dce000000
/iPod_Control/Music/F00/OBLE.m4a,1,AAC,0,303226,0,13372296,0,13220,0,0,c379b70fce000000
/iPod_Control/Music/F01/WGPR.m4a,2,AAC,0,301293,0,13287036,0,13220,0,0,c31230f7ce000000
/iPod_Control/Music/F00/ZYAZ.m4a,3,AAC,0,277080,0,12219228,0,13220,0,0,c4035d65ce000000
/iPod_Control/Music/F02/MNRC.m4a,4,AAC,0,262973,0,11597124,0,13220,0,0,ad2329a4ce000000
/iPod_Control/Music/F02/BETN.m4a,5,AAC,0,198493,0,8753556,0,13220,0,0,9b71ff50ce000000
/iPod_Control/Music/F02/TVPI.m4a,6,AAC,0,256546,0,11313708,0,13220,0,0,b7558070ce000000
/iPod_Control/Music/F02/CWAR.m4a,7,AAC,0,177160,0,7812756,0,13220,0,0,7d4a0b2cce000000
/iPod_Control/Music/F00/NHNG.m4a,8,AAC,0,193666,0,8540700,0,13220,0,0,2b395a66ce000000
/iPod_Control/Music/F01/GLIW.m4a,9,AAC,0,218306,0,9627324,0,13220,0,0,9506a0c5ce000000
/iPod_Control/Music/F01/GMCX.mp3,0,MP3,0,231444,0,10205328,0,198,0,0,8335c885ce000000
/iPod_Control/Music/F01/ZYTY.m4a,1,AAC,0,167977,0,8062942,0,13258,0,0,b245cba3ce000000
/iPod_Control/Music/F01/APZZ.m4a,2,AAC,0,186241,0,8939614,0,13258,0,0,2a3f2a87ce000000
/iPod_Control/Music/F01/CEQB.m4a,3,AAC,0,215089,0,10324318,0,13258,0,0,bc3814ffce000000
/iPod_Control/Music/F02/MZWJ.m4a,4,AAC,0,244681,0,11744734,0,13258,0,0,b4c24ef1ce000000
/iPod_Control/Music/F00/EWBA.m4a,5,AAC,0,200017,0,9600862,0,13258,0,0,e8c5a7ddce000000
/iPod_Control/Music/F02/OKNI.m4a,6,AAC,0,153145,0,7351006,0,13258,0,0,511f4940ce000000
/iPod_Control/Music/F02/VBTU.m4a,7,AAC,0,219801,0,10550493,0,13258,0,0,34ca9d84ce000000
/iPod_Control/Music/F00/RHKT.m4a,8,AAC,0,188833,0,9064030,0,13258,0,0,a749c036ce000000
/iPod_Control/Music/F02/IGDO.m4a,9,AAC,0,174409,0,8371678,0,13258,0,0,b69ca3b3ce000000
/iPod_Control/Music/F00/YYLC.m4a,10,AAC,0,187009,0,8976478,0,13258,0,0,b9e7d994ce000000
/iPod_Control/Music/F00/PSES.m4a,11,AAC,0,199009,0,9552478,0,13258,0,0,8ed2096ace000000
/iPod_Control/Music/F01/EGKO.m4a,65537,AAC,0,200280,0,8832372,0,13303,0,0,9a2529e5ce000000
/iPod_Control/Music/F02/GFAL.m4a,65538,AAC,0,258760,0,11411340,0,13303,0,0,5e39ba58ce000000
/iPod_Control/Music/F00/ATKY.m4a,65539,AAC,0,187587,0,8272596,0,13303,0,0,80a2ad4dce000000
/iPod_Control/Music/F00/WTFD.m4a,65540,AAC,0,248813,0,10972692,0,13303,0,0,dd30739dce000000
/iPod_Control/Music/F02/RHOS.m4a,65541,AAC,0,225800,0,9957804,0,13303,0,0,21d22c27ce000000
/iPod_Control/Music/F00/PBYK.m4a,65542,AAC,0,263307,0,11611848,0,13303,0,0,d201ae02ce000000
/iPod_Control/Music/F01/MLHA.m4a,65543,AAC,0,200747,0,8852952,0,13303,0,0,d81de9adce000000
/iPod_Control/Music/F00/YKRO.m4a,65544,AAC,0,374880,0,16532232,0,13303,0,0,a7d4e913ce000000
/iPod_Control/Music/F01/GWAR.m4a,65545,AAC,0,241360,0,10644000,0,13303,0,0,135b1327ce000000
/iPod_Control/Music/F00/GHYX.m4a,65546,AAC,0,241213,0,10637532,0,13303,0,0,c5482005ce000000
/iPod_Control/Music/F00/MHWP.m4a,65547,AAC,0,249027,0,10982100,0,13303,0,0,4dfd878cce000000
/iPod_Control/Music/F01/FICX.m4a,65548,AAC,0,232933,0,10272384,0,13303,0,0,28366ea0ce000000
/iPod_Control/Music/F00/YPPA.m4a,65549,AAC,0,396773,0,17497728,0,13303,0,0,d39908f4ce000000
/iPod_Control/Music/F02/EHIT.m4a,65550,AAC,0,264533,0,11665944,0,13303,0,0,437d790fce000000
/iPod_Control/Music/F01/JEUC.m4a,65551,AAC,0,199027,0,8777100,0,13303,0,0,78540bb8ce000000
/iPod_Control/Music/F02/XOSK.m4a,65552,AAC,0,181787,0,8016816,0,13303,0,0,ca0bdb24ce000000
/iPod_Control/Music/F01/QSNK.m4a,65553,AAC,0,226947,0,10008372,0,13303,0,0,373619acce000000
/iPod_Control/Music/F02/FVEA.m4a,65555,AAC,0,214173,0,9445068,0,13303,0,0,be9c0af2ce000000
/iPod_Control/Music/F01/CBQE.m4a,131073,AAC,0,371040,0,16362888,0,13376,0,0,056e0c9bce000000
/iPod_Control/Music/F02/MRIN.m4a,131074,AAC,0,339947,0,14991672,0,13376,0,0,4270ced2ce000000
/iPod_Control/Music/F00/MIRV.m4a,131075,AAC,0,294347,0,12980712,0,13376,0,0,9a139056ce000000
/iPod_Control/Music/F00/ZFQF.m4a,131076,AAC,0,149413,0,6589152,0,13376,0,0,afc7a831ce000000
/iPod_Control/Music/F02/MUXY.m4a,131077,AAC,0,212867,0,9387444,0,13376,0,0,4055a49dce000000
/iPod_Control/Music/F02/MPEO.m4a,131078,AAC,0,536707,0,23668788,0,13376,0,0,fa9fea28ce000000
/iPod_Control/Music/F02/NEKX.m4a,131079,AAC,0,160680,0,7086012,0,13376,0,0,977d9e26ce000000
/iPod_Control/Music/F00/NJNR.m4a,131080,AAC,0,272107,0,11999928,0,13376,0,0,7fc9bea1ce000000
/iPod_Control/Music/F02/GMDT.m4a,131081,AAC,0,281747,0,12425052,0,13376,0,0,35e1cc52ce000000
/iPod_Control/Music/F01/JSEI.m4a,131082,AAC,0,233867,0,10313544,0,13376,0,0,67915e0bce000000
/iPod_Control/Music/F00/LFTH.m4a,131083,AAC,0,298573,0,13167108,0,13376,0,0,d2cd5f35ce000000
/iPod_Control/Music/F00/LBCN.m4a,131084,AAC,0,134373,0,5925888,0,13376,0,0,bc5c39c0ce000000
/iPod_Control/Music/F00/XGAN.m4a,131085,AAC,0,213520,0,9416256,0,13376,0,0,cf02603dce000000
/iPod_Control/Music/F02/RKYX.m4a,131086,AAC,0,388013,0,17111412,0,13376,0,0,5ca038d5ce000000
/iPod_Control/Music/F02/YHPG.m4a,131087,AAC,0,293147,0,12927792,0,13376,0,0,4c519733ce000000
/iPod_Control/Music/F02/IIUB.m4a,131088,AAC,0,210640,0,9289248,0,13376,0,0,e45c64fcce000000
/iPod_Control/Music/F02/TMFE.m4a,131089,AAC,0,234133,0,10325304,0,13376,0,0,fb301940ce000000
/iPod_Control/Music/F01/JSXJ.m4a,65537,AAC,0,153040,0,6749088,0,13445,0,0,94aa3876ce000000
/iPod_Control/Music/F01/AFXV.m4a,65539,AAC,0,182413,0,8044452,0,13445,0,0,4ef535c3ce000000
/iPod_Control/Music/F02/ZVRB.m4a,65540,AAC,0,209973,0,9259848,0,13445,0,0,b8949df6ce000000
/iPod_Control/Music/F00/QCUE.m4a,65541,AAC,0,167493,0,7386480,0,13445,0,0,270387bcce000000
/iPod_Control/Music/F00/OHNL.m4a,65544,AAC,0,175533,0,7741044,0,13445,0,0,6d4a14cace000000
/iPod_Control/Music/F00/UZCX.m4a,65546,AAC,0,196640,0,8671848,0,13445,0,0,95967d0fce000000
/iPod_Control/Music/F00/GLCA.m4a,131076,AAC,0,196960,0,8685960,0,13470,0,0,0214fd37ce000000
/iPod_Control/Music/F02/IRUV.m4a,131078,AAC,0,247640,0,10920948,0,13470,0,0,b002f0ddce000000
/iPod_Control/Music/F02/CKVC.m4a,1,AAC,0,241947,0,10669872,0,13479,0,0,773c81f4ce000000
/iPod_Control/Music/F02/TSVJ.m4a,2,AAC,0,256493,0,11311380,0,13479,0,0,3742dfface000000
/iPod_Control/Music/F00/PSEE.m4a,3,AAC,0,252707,0,11144388,0,13479,0,0,1d4f538cce000000
/iPod_Control/Music/F02/EZAM.m4a,4,AAC,0,250507,0,11047368,0,13479,0,0,d0062561ce000000
/iPod_Control/Music/F01/VOIU.m4a,5,AAC,0,307373,0,13555188,0,13479,0,0,e38ddfa9ce000000
/iPod_Control/Music/F01/FNSH.m4a,6,AAC,0,202813,0,8944092,0,13479,0,0,ab946045ce000000
/iPod_Control/Music/F01/BWDY.m4a,7,AAC,0,269133,0,11868804,0,13479,0,0,81f3d31dce000000
/iPod_Control/Music/F02/ERZG.m4a,8,AAC,0,242693,0,10702800,0,13479,0,0,42a12322ce000000
/iPod_Control/Music/F00/PANB.m4a,9,AAC,0,292040,0,12878988,0,13479,0,0,d0191161ce000000
/iPod_Control/Music/F00/OURO.m4a,10,AAC,0,224680,0,9908412,0,13479,0,0,259277b6ce000000
/iPod_Control/Music/F00/JKEU.m4a,11,AAC,0,282280,0,12448572,0,13479,0,0,000292cdce000000
/iPod_Control/Music/F00/ROPD.m4a,12,AAC,0,246907,0,10888608,0,13479,0,0,f444878dce000000
/iPod_Control/Music/F00/MSLB.m4a,13,AAC,0,222240,0,9800808,0,13479,0,0,443b420fce000000
/iPod_Control/Music/F00/ZNVT.m4a,14,AAC,0,328280,0,14477172,0,13479,0,0,be70ed28ce000000
/iPod_Control/Music/F01/OVFN.m4a,15,AAC,0,206000,0,9084624,0,13479,0,0,b0e5de0dce000000
/iPod_Control/Music/F02/QKSH.m4a,16,AAC,0,246827,0,10885080,0,13479,0,0,58fd0b64ce000000
/iPod_Control/Music/F00/FPWH.mp3,1,MP3,0,133355,0,2938565,0,13544,0,0,9dadcc46ce000000
/iPod_Control/Music/F01/MWOI.mp3,2,MP3,0,150883,0,3324853,0,13544,0,0,2a4540e9ce000000
/iPod_Control/Music/F01/KRVD.mp3,3,MP3,0,140617,0,3098725,0,13544,0,0,e4717709ce000000
/iPod_Control/Music/F02/DCJW.mp3,4,MP3,0,153782,0,3389854,0,13544,0,0,1a94c09dce000000
/iPod_Control/Music/F00/DBFT.mp3,5,MP3,0,142367,0,3136994,0,13544,0,0,92adcfe9ce000000
/iPod_Control/Music/F00/NMOC.mp3,6,MP3,0,125910,0,2774123,0,13544,0,0,5e1f825cce000000
/iPod_Control/Music/F00/RDCR.mp3,7,MP3,0,93648,0,2063902,0,13544,0,0,643c00b0ce000000
/iPod_Control/Music/F01/XKZL.mp3,8,MP3,0,143934,0,3171710,0,13544,0,0,d39d36cbce000000
/iPod_Control/Music/F01/LZEN.mp3,9,MP3,0,179565,0,3958366,0,13544,0,0,2d86d279ce000000
/iPod_Control/Music/F02/ULWB.mp3,10,MP3,0,146755,0,3234023,0,13544,0,0,afe378efce000000
/iPod_Control/Music/F01/WOLF.mp3,11,MP3,0,160862,0,3545092,0,13544,0,0,408a9444ce000000
/iPod_Control/Music/F00/ILBE.mp3,12,MP3,0,140225,0,3090278,0,13544,0,0,0ba7a821ce000000
/iPod_Control/Music/F01/WMDN.mp3,13,MP3,0,138344,0,3048673,0,13544,0,0,a10436efce000000
/iPod_Control/Music/F02/XRND.mp3,14,MP3,0,122226,0,2692995,0,13544,0,0,dfd3f53bce000000
/iPod_Control/Music/F01/ZYZS.mp3,15,MP3,0,148924,0,3282718,0,13544,0,0,4d5df40ace000000
/iPod_Control/Music/F01/NULV.mp3,16,MP3,0,156342,0,3445161,0,13544,0,0,0e54eb4fce000000
/iPod_Control/Music/F02/TEAW.mp3,17,MP3,0,129358,0,2850336,0,13544,0,0,6ffb2656ce000000
/iPod_Control/Music/F01/ODGH.mp3,18,MP3,0,167131,0,3683107,0,13544,0,0,aa647279ce000000
/iPod_Control/Music/F02/XHDU.mp3,19,MP3,0,115826,0,2552302,0,13544,0,0,8f644d92ce000000
/iPod_Control/Music/F00/DRCQ.mp3,20,MP3,0,103053,0,2270392,0,13544,0,0,b6b420f8ce000000
/iPod_Control/Music/F02/YEJN.mp3,21,MP3,0,158615,0,3495654,0,13544,0,0,ceaec76dce000000
/iPod_Control/Music/F02/WZRA.mp3,22,MP3,0,132780,0,2926750,0,13544,0,0,2826d5f5ce000000
/iPod_Control/Music/F01/QDHI.mp3,23,MP3,0,137038,0,3019546,0,13544,0,0,10141db8ce000000
/iPod_Control/Music/F01/HEJK.mp3,24,MP3,0,137743,0,3036190,0,13544,0,0,86ee1bebce000000
/iPod_Control/Music/F01/GYWL.mp3,1,MP3,0,117420,0,2588062,0,13641,0,0,8c15b5d2ce000000
/iPod_Control/Music/F00/CYHQ.mp3,2,MP3,0,131422,0,2895740,0,13641,0,0,fcc1bad1ce000000
/iPod_Control/Music/F00/WVDM.mp3,3,MP3,0,123846,0,2729758,0,13641,0,0,d977eb59ce000000
/iPod_Control/Music/F00/FJGU.mp3,4,MP3,0,110262,0,2429314,0,13641,0,0,d9f2909bce000000
/iPod_Control/Music/F01/ATFQ.mp3,5,MP3,0,138893,0,3060735,0,13641,0,0,7feeda68ce000000
/iPod_Control/Music/F00/LFOH.mp3,6,MP3,0,139546,0,3075097,0,13641,0,0,f8c2371bce000000
/iPod_Control/Music/F00/AKDA.mp3,7,MP3,0,129619,0,2855914,0,13641,0,0,4c704728ce000000
/iPod_Control/Music/F02/VXSD.mp3,8,MP3,0,128548,0,2832585,0,13641,0,0,0097f596ce000000
/iPod_Control/Music/F00/BHSU.mp3,9,MP3,0,133328,0,2938846,0,13641,0,0,48b1ff47ce000000
/iPod_Control/Music/F00/MLNW.mp3,10,MP3,0,139990,0,3085726,0,13641,0,0,525f2667ce000000
/iPod_Control/Music/F01/IKPQ.mp3,11,MP3,0,116741,0,2571974,0,13641,0,0,87190e7dce000000
/iPod_Control/Music/F00/NEPR.mp3,12,MP3,0,99134,0,2183749,0,13641,0,0,a0395208ce000000
/iPod_Control/Music/F01/RDYH.mp3,13,MP3,0,130246,0,2870878,0,13641,0,0,2710e60bce000000
/iPod_Control/Music/F01/KHQC.mp3,14,MP3,0,162560,0,3582271,0,13641,0,0,f351c442ce000000
/iPod_Control/Music/F01/CNTF.mp3,15,MP3,0,173662,0,3827101,0,13641,0,0,15ad4a19ce000000
/iPod_Control/Music/F01/FOQD.mp3,16,MP3,0,157283,0,3466235,0,13641,0,0,c9797377ce000000
/iPod_Control/Music/F02/ANPO.mp3,17,MP3,0,119092,0,2623785,0,13641,0,0,174aa16cce000000
/iPod_Control/Music/F01/IHJV.mp3,18,MP3,0,118674,0,2614816,0,13641,0,0,fac29a58ce000000
/iPod_Control/Music/F02/WYZA.mp3,19,MP3,0,144770,0,3191134,0,13641,0,0,66e90f2cce000000
/iPod_Control/Music/F00/SDSD.mp3,20,MP3,0,182883,0,4030767,0,13641,0,0,b626d1c4ce000000
/iPod_Control/Music/F01/NBHG.mp3,21,MP3,0,128391,0,2829184,0,13641,0,0,45b3c640ce000000
/iPod_Control/Music/F00/CPVG.mp3,22,MP3,0,119457,0,2632347,0,13641,0,0,297910a3ce000000
/iPod_Control/Music/F00/WKUS.mp3,23,MP3,0,133982,0,2952137,0,13641,0,0,2b1c7620ce000000
/iPod_Control/Music/F02/BPQD.mp3,24,MP3,0,130560,0,2877790,0,13641,0,0,6a725d6cce000000
/iPod_Control/Music/F02/TFDU.m4a,1,AAC,0,130533,0,5756520,0,13738,0,0,eed39d59ce000000
/iPod_Control/Music/F00/PWZJ.m4a,2,AAC,0,168533,0,7432320,0,13738,0,0,7e248800ce000000
/iPod_Control/Music/F01/QVQS.m4a,3,AAC,0,164066,0,7235340,0,13738,0,0,2f614192ce000000
/iPod_Control/Music/F02/ZKJN.m4a,4,AAC,0,148533,0,6550320,0,13738,0,0,ccadb6cfce000000
/iPod_Control/Music/F02/VOPU.m4a,5,AAC,0,166160,0,7327656,0,13738,0,0,b4af5bc4ce000000
/iPod_Control/Music/F02/QJCI.m4a,6,AAC,0,152440,0,6722604,0,13738,0,0,e6913f9dce000000
/iPod_Control/Music/F01/OREW.m4a,7,AAC,0,168826,0,7445256,0,13738,0,0,6dc42a5dce000000
/iPod_Control/Music/F01/CGYY.m4a,8,AAC,0,131986,0,5820612,0,13738,0,0,d5bfd797ce000000
/iPod_Control/Music/F01/OTWG.m4a,9,AAC,0,154693,0,6821976,0,13738,0,0,96c00a35ce000000
/iPod_Control/Music/F01/WLXH.m4a,10,AAC,0,160773,0,7090104,0,13738,0,0,0e118402ce000000
/iPod_Control/Music/F00/MUPG.m4a,11,AAC,0,149653,0,6599712,0,13738,0,0,807acc66ce000000
/iPod_Control/Music/F01/WDDE.m4a,1,AAC,0,208480,0,9193968,0,13783,0,0,158ab5d7ce000000
/iPod_Control/Music/F02/BBMD.m4a,2,AAC,0,235146,0,10369968,0,13783,0,0,4eba095cce000000
/iPod_Control/Music/F00/MXZS.m4a,3,AAC,0,172347,0,7600512,0,13783,0,0,0cabe2cace000000
/iPod_Control/Music/F00/BQHW.m4a,4,AAC,0,291413,0,12851328,0,13783,0,0,12045a63ce000000
/iPod_Control/Music/F00/WOHB.m4a,5,AAC,0,194133,0,8561280,0,13783,0,0,a55d0b4cce000000
/iPod_Control/Music/F00/WOQN.m4a,6,AAC,0,184733,0,8146740,0,13783,0,0,ebb0232cce000000
/iPod_Control/Music/F00/WZHN.m4a,7,AAC,0,199906,0,8815884,0,13783,0,0,4754860ece000000
/iPod_Control/Music/F02/YRBK.m4a,8,AAC,0,289173,0,12752544,0,13783,0,0,dc08ddb5ce000000
/iPod_Control/Music/F02/DEKB.m4a,9,AAC,0,362680,0,15994188,0,13783,0,0,a2296c32ce000000
/iPod_Control/Music/F02/BWMA.m4a,10,AAC,0,223026,0,9835476,0,13783,0,0,edf123e7ce000000
/iPod_Control/Music/F00/AZFV.m4a,11,AAC,0,206520,0,9107532,0,13783,0,0,83b47206ce000000
/iPod_Control/Music/F00/KBNN.m4a,12,AAC,0,206546,0,9108708,0,13783,0,0,d2c5e3f0ce000000
/iPod_Control/Music/F01/KHIS.m4a,13,AAC,0,250427,0,11043840,0,13783,0,0,42144470ce000000
/iPod_Control/Music/F00/OSYE.m4a,14,AAC,0,221986,0,9789612,0,13783,0,0,0312f01ece000000
/iPod_Control/Music/F02/BMHX.m4a,15,AAC,0,249546,0,11005008,0,13783,0,0,fad566e1ce000000
/iPod_Control/Music/F01/XAVW.m4a,16,AAC,0,249093,0,10985016,0,13783,0,0,ef961173ce000000
/iPod_Control/Music/F02/KZJB.m4a,17,AAC,0,260466,0,11486580,0,13783,0,0,54aa04dfce000000
/iPod_Control/Music/F01/AYTY.m4a,18,AAC,0,259933,0,11463060,0,13783,0,0,08b2157dce000000
/iPod_Control/Music/F01/RRVS.m4a,19,AAC,0,251586,0,11094972,0,13783,0,0,2f9a7e21ce000000
/iPod_Control/Music/F02/ARNF.m4a,20,AAC,0,271013,0,11951688,0,13783,0,0,f83a6384ce000000
/iPod_Control/Music/F00/JEDD.mp3,3,MP3,0,188029,0,8290800,0,13864,0,0,c4526e11ce000000
/iPod_Control/Music/F00/ITJB.m4a,36,AAC,0,163707,0,7219488,0,13869,0,0,ba0be2a8ce000000
/iPod_Control/Music/F00/SZHR.mp3,1,MP3,0,186435,0,8220240,0,13874,0,0,b75f8270ce000000
/iPod_Control/Music/F00/SAWQ.mp3,2,MP3,0,205609,0,9065784,0,13874,0,0,28c8f457ce000000
/iPod_Control/Music/F02/ZRYT.mp3,3,MP3,0,228205,0,10062444,0,13874,0,0,2fd0c944ce000000
/iPod_Control/Music/F02/WIDG.mp3,4,MP3,0,184528,0,8136156,0,13874,0,0,6d64e960ce000000
/iPod_Control/Music/F00/UDXU.mp3,5,MP3,0,235075,0,10365264,0,13874,0,0,f6820aa8ce000000
/iPod_Control/Music/F02/DRHD.mp3,6,MP3,0,176953,0,7802172,0,13874,0,0,e51ee8edce000000
/iPod_Control/Music/F02/VLQK.mp3,7,MP3,0,304091,0,13409340,0,13874,0,0,55a09fc8ce000000
/iPod_Control/Music/F02/GMHI.mp3,8,MP3,0,188734,0,8321964,0,13874,0,0,f2abade6ce000000
/iPod_Control/Music/F01/BIHO.mp3,9,MP3,0,197668,0,8715924,0,13874,0,0,5cb0e48ece000000
/iPod_Control/Music/F00/ZXMB.mp3,10,MP3,0,270445,0,11925228,0,13874,0,0,7373cfd1ce000000
/iPod_Control/Music/F00/IBFP.mp3,11,MP3,0,193959,0,8552460,0,13874,0,0,e18b8cc2ce000000
/iPod_Control/Music/F02/PORF.mp3,12,MP3,0,158484,0,6987792,0,13874,0,0,0d273910ce000000
/iPod_Control/Music/F01/RUOR.mp3,13,MP3,0,297116,0,13101228,0,13874,0,0,03b6288bce000000
/iPod_Control/Music/F02/HQMC.mp3,14,MP3,0,220473,0,9721404,0,13874,0,0,a59d7f41ce000000
/iPod_Control/Music/F01/BYIE.mp3,15,MP3,0,197642,0,8714748,0,13874,0,0,88f54343ce000000
/iPod_Control/Music/F01/QNUH.mp3,16,MP3,0,221126,0,9750216,0,13874,0,0,5f014d63ce000000
/iPod_Control/Music/F00/ZRDJ.mp3,17,MP3,0,254380,0,11216688,0,13874,0,0,c217358fce000000
/iPod_Control/Music/F01/LQOG.mp3,18,MP3,0,221309,0,9758448,0,13874,0,0,cf9ef352ce000000
/iPod_Control/Music/F01/VVVS.mp3,19,MP3,0,232751,0,10262952,0,13874,0,0,88529483ce000000
/iPod_Control/Music/F02/IMFV.mp3,20,MP3,0,240640,0,10611048,0,13874,0,0,65693280ce000000
/iPod_Control/Music/F01/HVIL.m4a,1,AAC,0,161120,0,7105392,0,13955,0,0,014e7b07ce000000
/iPod_Control/Music/F00/IWCT.mp3,2,MP3,0,147826,0,6517980,0,13955,0,0,99907c35ce000000
/iPod_Control/Music/F00/GHHJ.m4a,3,AAC,0,180080,0,7941528,0,13955,0,0,ab3fc81dce000000
/iPod_Control/Music/F01/BQUX.m4a,4,AAC,0,143253,0,6317472,0,13955,0,0,5a64682bce000000
/iPod_Control/Music/F01/XEVO.m4a,5,AAC,0,134373,0,5925864,0,13955,0,0,edd261c3ce000000
/iPod_Control/Music/F00/ZNBB.mp3,6,MP3,0,168724,0,7439376,0,13955,0,0,ca3669bace000000
/iPod_Control/Music/F01/BAFB.mp3,7,MP3,0,162716,0,7174188,0,13955,0,0,6382698ece000000
/iPod_Control/Music/F00/QDBS.mp3,8,MP3,0,196414,0,8660652,0,13955,0,0,f3d11533ce000000
/iPod_Control/Music/F00/CUOV.m4a,9,AAC,0,129040,0,5690664,0,13955,0,0,e27f6b42ce000000
/iPod_Control/Music/F02/SBPK.mp3,10,MP3,0,158040,0,6968388,0,13955,0,0,448ed8c9ce000000
/iPod_Control/Music/F00/BCSH.m4a,11,AAC,0,200613,0,8847048,0,13955,0,0,69d7c27bce000000
/iPod_Control/Music/F01/PXOK.mp3,12,MP3,0,142341,0,6275724,0,13955,0,0,32d29d96ce000000
/iPod_Control/Music/F00/DPXC.mp3,13,MP3,0,210651,0,9288636,0,13955,0,0,ccb144efce000000
/iPod_Control/Music/F01/VYVC.mp3,14,MP3,0,184816,0,8149092,0,13955,0,0,d05d9128ce000000
/iPod_Control/Music/F02/ZZAZ.mp3,15,MP3,0,143751,0,6338052,0,13955,0,0,a77538eece000000
/iPod_Control/Music/F00/ZBYH.mp3,16,MP3,0,144117,0,6354516,0,13955,0,0,1ac22f2dce000000
/iPod_Control/Music/F00/JOJY.m4a,17,AAC,0,194186,0,8563632,0,13955,0,0,bcf58c93ce000000
/iPod_Control/Music/F02/UKJF.mp3,18,MP3,0,158458,0,6986616,0,13955,0,0,66dd2084ce000000
/iPod_Control/Music/F00/YIOM.m4a,19,AAC,0,188653,0,8319612,0,13955,0,0,7d38b091ce000000
/iPod_Control/Music/F00/PQYS.mp3,20,MP3,0,130768,0,5765340,0,13955,0,0,b0651593ce000000
/iPod_Control/Music/F01/WCLN.m4a,21,AAC,0,186253,0,8213772,0,13955,0,0,d0224b0ace000000
/iPod_Control/Music/F00/JTDY.m4a,22,AAC,0,171253,0,7552272,0,13955,0,0,43399356ce000000
/iPod_Control/Music/F00/ZQCH.m4a,23,AAC,0,163360,0,7204176,0,13955,0,0,59b5a975ce000000
/iPod_Control/Music/F02/QGMY.mp3,24,MP3,0,160522,0,7077756,0,13955,0,0,97652e66ce000000
/iPod_Control/Music/F01/DDCA.mp3,25,MP3,0,192731,0,8498364,0,13955,0,0,d08e996dce000000
/iPod_Control/Music/F00/MYGY.m4a,26,AAC,0,132253,0,5832372,0,13955,0,0,01077ceace000000
/iPod_Control/Music/F02/IQTI.m4a,27,AAC,0,144613,0,6377448,0,13955,0,0,d7fce697ce000000
/iPod_Control/Music/F02/QMZZ.m4a,28,AAC,0,156893,0,6918996,0,13955,0,0,f5cd3eb8ce000000
/iPod_Control/Music/F01/QFTA.mp3,29,MP3,0,11232,0,490980,0,13955,0,0,108cfcc6ce000000
/iPod_Control/Music/F02/YUGB.mp3,30,MP3,0,14863,0,653856,0,13955,0,0,18782288ce000000
/iPod_Control/Music/F02/QERP.m4a,31,AAC,0,52480,0,2314368,0,13955,0,0,3c32a1dfce000000
/iPod_Control/Music/F01/SQSZ.m4a,32,AAC,0,55093,0,2429616,0,13955,0,0,b8493f59ce000000
/iPod_Control/Music/F01/DEXV.mp3,1,MP3,0,117603,0,5184984,0,14084,0,0,d4af6105ce000000
/iPod_Control/Music/F01/JVIV.mp3,2,MP3,0,175830,0,7752780,0,14084,0,0,ba482f12ce000000
/iPod_Control/Music/F01/XBQP.mp3,3,MP3,0,180035,0,7938000,0,14084,0,0,5a39a6bdce000000
/iPod_Control/Music/F01/OWFN.mp3,4,MP3,0,172800,0,7619304,0,14084,0,0,da469f91ce000000
/iPod_Control/Music/F01/FJKE.mp3,5,MP3,0,180558,0,7961520,0,14084,0,0,a9576a83ce000000
/iPod_Control/Music/F01/IKER.mp3,6,MP3,0,172512,0,7606368,0,14084,0,0,47b3210dce000000
/iPod_Control/Music/F02/GGGH.mp3,7,MP3,0,155951,0,6876072,0,14084,0,0,fb0f0d83ce000000
/iPod_Control/Music/F02/QPXX.mp3,8,MP3,0,136124,0,6001716,0,14084,0,0,15ad931ace000000
/iPod_Control/Music/F02/YRIL.mp3,9,MP3,0,149812,0,6605592,0,14084,0,0,5707a831ce000000
/iPod_Control/Music/F02/ZHPR.mp3,10,MP3,0,197407,0,8704164,0,14084,0,0,aacc304ace000000
/iPod_Control/Music/F02/UKWX.mp3,11,MP3,0,162298,0,7155960,0,14084,0,0,aa85561ace000000
/iPod_Control/Music/F01/PTZK.mp3,12,MP3,0,158119,0,6971916,0,14084,0,0,96cfa462ce000000
/iPod_Control/Music/F01/NXST.mp3,13,MP3,0,144222,0,6358632,0,14084,0,0,950c6276ce000000
/iPod_Control/Music/F00/QVNM.mp3,14,MP3,0,166582,0,7344708,0,14084,0,0,6aa01205ce000000
/iPod_Control/Music/F01/XRLP.mp3,15,MP3,0,220760,0,9734340,0,14084,0,0,44b81378ce000000
/iPod_Control/Music/F00/ROJW.mp3,16,MP3,0,194716,0,8585388,0,14084,0,0,8c2aa0b9ce000000
/iPod_Control/Music/F01/IYDL.mp3,17,MP3,0,201299,0,8875860,0,14084,0,0,38b163cace000000
/iPod_Control/Music/F02/QHLD.mp3,18,MP3,0,161175,0,7106568,0,14084,0,0,2c5eb1b9ce000000
/iPod_Control/Music/F00/PMWB.mp3,19,MP3,0,206080,0,9086952,0,14084,0,0,98e4bfa3ce000000
/iPod_Control/Music/F00/PLOL.mp3,20,MP3,0,129515,0,5710068,0,14084,0,0,25ba44adce000000
/iPod_Control/Music/F01/BWHY.m4a,0,AAC,0,181466,0,8002680,0,14165,0,0,06dbd115ce000000
/iPod_Control/Music/F02/HABS.m4a,0,AAC,0,250506,0,11047344,0,14170,0,0,5162c1eece000000
/iPod_Control/Music/F01/YRXI.m4a,0,AAC,0,158866,0,7006020,0,14170,0,0,1308e3cfce000000
/iPod_Control/Music/F01/EEJF.m4a,0,AAC,0,130106,0,5737704,0,14170,0,0,6ae656c9ce000000
/iPod_Control/Music/F02/QASN.m4a,0,AAC,0,181360,0,7997976,0,14170,0,0,f246722ece000000
/iPod_Control/Music/F02/BRZU.m4a,0,AAC,0,203520,0,8975232,0,14170,0,0,3b9a0161ce000000
/iPod_Control/Music/F00/MDRJ.m4a,0,AAC,0,157666,0,6953100,0,14170,0,0,31024e82ce000000
/iPod_Control/Music/F02/ZNYT.m4a,0,AAC,0,128000,0,5644800,0,14170,0,0,ef4259ecce000000
/iPod_Control/Music/F01/NCBB.m4a,0,AAC,0,125600,0,5538960,0,14170,0,0,bc0e7971ce000000
/iPod_Control/Music/F01/BDCB.m4a,0,AAC,0,133893,0,5904696,0,14170,0,0,36e5fc0cce000000
/iPod_Control/Music/F00/KOYQ.m4a,0,AAC,0,107773,0,4752804,0,14170,0,0,5dfe7d4cce000000
/iPod_Control/Music/F00/UAWI.m4a,0,AAC,0,298318,0,13155840,0,14170,0,0,a220ab1ace000000
/iPod_Control/Music/F01/AMPN.m4a,0,AAC,0,171253,0,7552272,0,14170,0,0,33b16df9ce000000
/iPod_Control/Music/F01/AOBV.m4a,0,AAC,0,171026,0,7542276,0,14170,0,0,bca06fb0ce000000
/iPod_Control/Music/F01/UEJH.m4a,0,AAC,0,153666,0,6776700,0,14170,0,0,264c68cece000000
/iPod_Control/Music/F02/YFEK.m4a,0,AAC,0,153333,0,6762000,0,14170,0,0,a0ab9e2dce000000
/iPod_Control/Music/F01/FXNG.m4a,0,AAC,0,180133,0,7943880,0,14170,0,0,188f8210ce000000
/iPod_Control/Music/F00/XVPI.m4a,0,AAC,0,135200,0,5962320,0,14170,0,0,7216cf57ce000000
/iPod_Control/Music/F00/QTER.m4a,0,AAC,0,138413,0,6104028,0,14170,0,0,a80763c0ce000000
/iPod_Control/Music/F01/TKHS.m4a,0,AAC,0,211533,0,9328620,0,14170,0,0,7ec9f211ce000000
/iPod_Control/Music/F01/NYXR.m4a,0,AAC,0,217773,0,9603804,0,14170,0,0,e9efec69ce000000
/iPod_Control/Music/F00/ENFM.m4a,0,AAC,0,122466,0,5400780,0,14170,0,0,bb6fced9ce000000
/iPod_Control/Music/F02/SUHG.m4a,0,AAC,0,122306,0,5393724,0,14170,0,0,0ef643d9ce000000
/iPod_Control/Music/F01/UWHS.m4a,0,AAC,0,190666,0,8408400,0,14170,0,0,0c771598ce000000
/iPod_Control/Music/F00/EANJ.m4a,0,AAC,0,149573,0,6596184,0,14170,0,0,5a491bc1ce000000
/iPod_Control/Music/F00/KPWC.m4a,0,AAC,0,117626,0,5187336,0,14170,0,0,21f9848cce000000
/iPod_Control/Music/F00/EEAK.m4a,0,AAC,0,164146,0,7238868,0,14170,0,0,cbd59b3fce000000
/iPod_Control/Music/F02/DADJ.m4a,0,AAC,0,277106,0,12220404,0,14170,0,0,26701dfcce000000
/iPod_Control/Music/F00/EPJM.m4a,0,AAC,0,163395,0,7205760,0,14170,0,0,92e4bd43ce000000
/iPod_Control/Music/F02/FSGK.m4a,0,AAC,0,118746,0,5236728,0,14170,0,0,10ed139fce000000
/iPod_Control/Music/F00/NYFS.m4a,0,AAC,0,180053,0,7940352,0,14170,0,0,a8c32880ce000000
/iPod_Control/Music/F01/TZIE.m4a,0,AAC,0,152400,0,6720840,0,14170,0,0,5c7b33dbce000000
/iPod_Control/Music/F02/GWLU.m4a,0,AAC,0,192120,0,8472492,0,14170,0,0,66021854ce000000
/iPod_Control/Music/F00/YBHT.m4a,0,AAC,0,141333,0,6232800,0,14170,0,0,173a6eecce000000
/iPod_Control/Music/F02/CZGM.m4a,0,AAC,0,122600,0,5406660,0,14170,0,0,03d7454ece000000
/iPod_Control/Music/F01/CWMQ.m4a,0,AAC,0,227626,0,10038336,0,14170,0,0,8b5ceefece000000
/iPod_Control/Music/F00/YEZN.m4a,0,AAC,0,183373,0,8086764,0,14170,0,0,8727be30ce000000
/iPod_Control/Music/F01/PTPT.m4a,0,AAC,0,233933,0,10316460,0,14170,0,0,d6b9d906ce000000
/iPod_Control/Music/F02/VUFV.m4a,0,AAC,0,172093,0,7589316,0,14170,0,0,6c6320a1ce000000
/iPod_Control/Music/F01/KSUJ.m4a,0,AAC,0,135280,0,5965848,0,14170,0,0,134860c5ce000000
/iPod_Control/Music/F00/BRFX.m4a,0,AAC,0,134973,0,5952324,0,14170,0,0,45e7ef4dce000000
/iPod_Control/Music/F01/YZMT.m4a,0,AAC,0,258507,0,11400192,0,14170,0,0,cc1641d4ce000000
/iPod_Control/Music/F01/MRUC.m4a,0,AAC,0,125373,0,5528964,0,14170,0,0,f0341f61ce000000
/iPod_Control/Music/F00/VYYM.m4a,0,AAC,0,597533,0,26351220,0,14170,0,0,2a0d2558ce000000
/iPod_Control/Music/F01/UBGJ.m4a,0,AAC,0,138293,0,6098736,0,14170,0,0,90856b65ce000000
/iPod_Control/Music/F01/KEQK.m4a,0,AAC,0,232746,0,10264128,0,14170,0,0,7e431b87ce000000
/iPod_Control/Music/F01/DRRD.m4a,0,AAC,0,393853,0,17368932,0,14170,0,0,bef1550ece000000
/iPod_Control/Music/F01/EDOZ.m4a,0,AAC,0,236720,0,10439352,0,14170,0,0,41a6a25cce000000
/iPod_Control/Music/F01/GJFV.m4a,0,AAC,0,137106,0,6046404,0,14170,0,0,7855bd03ce000000
/iPod_Control/Music/F02/SXYB.m4a,0,AAC,0,152573,0,6728484,0,14170,0,0,ceca7f03ce000000
/iPod_Control/Music/F00/AMMD.m4a,0,AAC,0,155733,0,6867864,0,14170,0,0,fda40d5dce000000
/iPod_Control/Music/F01/TJVB.m4a,0,AAC,0,658733,0,29050140,0,14170,0,0,abdfeed7ce000000
/iPod_Control/Music/F02/EHNR.m4a,0,AAC,0,311533,0,13738620,0,14170,0,0,f88ed945ce000000
/iPod_Control/Music/F01/UUJH.m4a,0,AAC,0,179693,0,7924476,0,14170,0,0,a182ea9ece000000
/iPod_Control/Music/F01/TVFW.m4a,0,AAC,0,155933,0,6876660,0,14170,0,0,755ab3c0ce000000
/iPod_Control/Music/F00/XSLD.m4a,0,AAC,0,253100,0,11161728,0,14170,0,0,fc10d4dece000000
/iPod_Control/Music/F01/CPLT.m4a,0,AAC,0,135266,0,5965260,0,14170,0,0,3ba471b2ce000000
/iPod_Control/Music/F02/MQRP.m4a,0,AAC,0,207386,0,9145752,0,14170,0,0,69792aa0ce000000
/iPod_Control/Music/F01/AYRT.m4a,0,AAC,0,142053,0,6264552,0,14170,0,0,f4699a0cce000000
/iPod_Control/Music/F02/HXNS.m4a,0,AAC,0,151120,0,6664392,0,14170,0,0,70018462ce000000
/iPod_Control/Music/F01/SQPA.m4a,0,AAC,0,145133,0,6400380,0,14170,0,0,324f0032ce000000
/iPod_Control/Music/F01/OBRH.m4a,0,AAC,0,153493,0,6769056,0,14170,0,0,be69c27ece000000
/iPod_Control/Music/F02/HWBM.m4a,0,AAC,0,133426,0,5884116,0,14170,0,0,57c35153ce000000
/iPod_Control/Music/F01/OYLA.m4a,0,AAC,0,148840,0,6563844,0,14170,0,0,a9b57037ce000000
/iPod_Control/Music/F02/VTKZ.m4a,0,AAC,0,140866,0,6212220,0,14170,0,0,1ea2e3e7ce000000
/iPod_Control/Music/F00/VJZG.m4a,0,AAC,0,168533,0,7432320,0,14170,0,0,fdaa0642ce000000
/iPod_Control/Music/F02/TUJN.m4a,0,AAC,0,157493,0,6945456,0,14170,0,0,ec11234dce000000
/iPod_Control/Music/F02/OTDA.m4a,0,AAC,0,399800,0,17631180,0,14170,0,0,91ba6e09ce000000
/iPod_Control/Music/F00/PXYN.m4a,0,AAC,0,163053,0,7190652,0,14170,0,0,91e9136cce000000
/iPod_Control/Music/F01/ANGN.m4a,0,AAC,0,162933,0,7185360,0,14170,0,0,18a3442cce000000
/iPod_Control/Music/F01/EAUT.m4a,0,AAC,0,283666,0,12509700,0,14170,0,0,eea79623ce000000
/iPod_Control/Music/F02/RXQN.m4a,0,AAC,0,131373,0,5793564,0,14170,0,0,b7e7115bce000000
/iPod_Control/Music/F02/PLBS.m4a,0,AAC,0,142800,0,6297480,0,14170,0,0,7f8af7e4ce000000
/iPod_Control/Music/F00/QGEL.m4a,0,AAC,0,140613,0,6201048,0,14170,0,0,3afedb2fce000000
/iPod_Control/Music/F02/WVKA.m4a,0,AAC,0,158320,0,6981912,0,14170,0,0,494f5e4ece000000
/iPod_Control/Music/F01/ZAIU.m4a,0,AAC,0,138626,0,6113436,0,14170,0,0,0d3f1a1dce000000
/iPod_Control/Music/F01/JLSQ.m4a,0,AAC,0,151573,0,6684384,0,14170,0,0,a537b537ce000000
/iPod_Control/Music/F01/VIBZ.m4a,0,AAC,0,138973,0,6128724,0,14170,0,0,582cb651ce000000
/iPod_Control/Music/F02/HURY.m4a,0,AAC,0,183786,0,8104992,0,14170,0,0,0a334cd5ce000000
